{"cameraMode":{"drawMode":0,"name":"Shaded","section":"Shading Mode"},"sceneLighting":true,"audioPlay":false,"sceneViewState":{"showFog":true,"showMaterialUpdate":false,"showSkybox":true,"showFlares":true,"showImageEffects":true,"showParticleSystems":true},"in2DMode":false,"pivot":{"x":-0.34102827310562136,"y":-0.5587381720542908,"z":5.9699811935424809},"rotation":{"x":-0.1540977507829666,"y":0.03516171872615814,"z":-0.005469975061714649,"w":-0.9874410033226013},"size":8.35771656036377,"orthographic":false}