{"cameraMode":{"drawMode":0,"name":"Shaded","section":"Shading Mode"},"sceneLighting":true,"audioPlay":false,"sceneViewState":{"showFog":true,"showMaterialUpdate":false,"showSkybox":true,"showFlares":true,"showImageEffects":true,"showParticleSystems":true},"in2DMode":false,"pivot":{"x":13.73931884765625,"y":-25.61962890625,"z":187.1436004638672},"rotation":{"x":-0.06920789927244187,"y":-0.03631515055894852,"z":0.0025451055262237789,"w":-0.9969642758369446},"size":213.329345703125,"orthographic":false}